event_type,x,y,timestamp
move,100,215,1020.0
move,107,216,1060.0
move,115,217,1080.0
move,122,217,1110.0
move,128,216,1130.0
move,135,216,1160.0
move,141,214,1190.0
move,146,213,1220.0
move,151,212,1260.0
move,156,210,1290.0
move,160,209,1310.0
move,163,208,1330.0
move,166,207,1360.0
move,169,207,1380.0
move,170,207,1410.0
move,172,208,1440.0
move,173,209,1480.0
move,174,211,1500.0
move,175,214,1540.0
move,175,217,1570.0
move,176,220,1600.0
move,177,224,1640.0
move,178,228,1660.0
move,179,233,1700.0
move,181,237,1720.0
move,183,242,1750.0
move,185,246,1770.0
move,188,250,1790.0
move,192,254,1810.0
move,196,257,1850.0
move,201,259,1890.0
click,201,259,1895.0
move,206,261,1910.0
move,212,263,1940.0
move,218,264,1980.0
move,224,264,2000.0
move,231,264,2030.0
move,238,263,2070.0
move,246,262,2090.0
move,253,261,2130.0
move,260,259,2150.0
move,267,258,2180.0
move,274,256,2210.0
move,281,255,2250.0
move,287,254,2270.0
move,293,254,2300.0
move,299,254,2320.0
move,304,254,2360.0
move,308,256,2380.0
move,312,257,2410.0
move,315,260,2440.0
move,318,262,2460.0
move,320,266,2490.0
move,322,270,2530.0
move,323,274,2570.0
move,324,278,2590.0
move,325,283,2610.0
move,326,287,2650.0
move,326,291,2690.0
move,327,296,2720.0
move,328,299,2740.0
move,329,303,2780.0
move,330,306,2810.0
move,332,308,2850.0
move,334,309,2890.0
move,337,311,2930.0
move,340,311,2960.0
move,344,311,3000.0
move,348,311,3040.0
move,353,310,3060.0
move,358,308,3090.0
move,364,307,3120.0
move,371,306,3160.0
move,377,304,3190.0
move,384,303,3230.0
move,391,302,3260.0
move,399,301,3300.0
move,406,301,3320.0
move,413,301,3350.0
move,420,302,3370.0
move,427,304,3410.0
move,434,306,3440.0
click,434,306,3445.0
move,440,308,3470.0
move,446,311,3510.0
move,451,315,3530.0
move,456,319,3560.0
move,460,323,3600.0
move,464,328,3640.0
move,467,332,3680.0
move,469,337,3720.0
move,471,341,3750.0
move,473,345,3770.0
move,474,348,3800.0
move,475,352,3840.0
move,476,354,3880.0
move,477,356,3900.0
move,477,357,3920.0
move,478,358,3960.0
move,479,358,3990.0
move,480,358,4020.0
move,482,357,4050.0
move,484,356,4090.0
move,486,355,4110.0
move,489,353,4140.0
move,492,352,4160.0
move,496,350,4190.0
move,500,349,4230.0
move,505,348,4270.0
move,511,348,4310.0
move,517,348,4350.0
move,523,349,4380.0
move,530,350,4420.0
move,537,352,4440.0
move,544,354,4460.0
move,552,357,4500.0
move,559,361,4520.0
move,566,365,4540.0
move,573,369,4560.0
move,580,373,4600.0
move,587,378,4640.0
move,593,382,4660.0
move,598,386,4690.0
click,598,386,4695.0
move,603,390,4730.0
move,608,394,4760.0
move,612,397,4800.0
move,615,400,4830.0
move,618,402,4860.0
move,621,404,4890.0
move,623,405,4930.0
move,624,405,4970.0
move,625,405,5010.0
move,626,405,5050.0
move,627,404,5070.0
move,628,402,5100.0
move,629,401,5140.0
move,629,400,5180.0
move,630,398,5200.0
move,631,397,5240.0
move,633,396,5280.0
move,635,395,5300.0
move,638,395,5330.0
move,641,396,5350.0
move,644,397,5380.0
move,648,398,5410.0
move,653,400,5450.0
move,658,403,5490.0
move,664,406,5510.0
move,670,410,5550.0
move,676,414,5580.0
move,683,418,5610.0
move,690,423,5640.0
move,697,427,5670.0
move,705,432,5700.0
move,712,436,5720.0
move,719,440,5760.0
move,726,443,5800.0
move,733,446,5840.0
move,739,449,5880.0
move,745,450,5910.0
move,751,452,5940.0
move,756,452,5980.0
move,760,453,6000.0
move,764,452,6020.0
move,767,451,6060.0
move,770,450,6080.0
move,772,449,6120.0
move,774,447,6160.0
move,775,446,6180.0
move,777,444,6200.0
move,777,443,6240.0
move,778,443,6270.0
move,779,442,6290.0
click,779,442,6295.0
move,780,442,6330.0
move,780,443,6350.0
move,781,445,6370.0
move,783,446,6390.0
move,784,449,6420.0
move,787,452,6440.0
move,789,456,6470.0
move,792,459,6490.0
move,796,464,6520.0
move,800,468,6540.0
move,805,473,6580.0
move,810,477,6600.0
move,816,481,6630.0
move,822,485,6660.0
move,829,489,6680.0
move,836,492,6700.0
move,843,495,6720.0
move,850,497,6750.0
move,858,498,6790.0
move,865,499,6810.0
move,872,500,6850.0
move,879,499,6880.0
move,886,499,6920.0
move,892,498,6960.0
move,898,496,6990.0
move,903,495,7020.0
move,908,494,7060.0
move,912,492,7090.0
move,916,491,7120.0
